Producto,Cantidad_Registros,Total_Sum,Total_Mean
Audífonos Bluetooth,10,20034.59,2003.459
Disco SSD 500GB,13,25900.5,1992.3461538461538
Impresora,11,15999.81,1454.5281818181818
Laptop,15,29893.03,1992.8686666666665
Memoria USB 32GB,9,21761.66,2417.9622222222224
"Monitor 24""",13,34315.48,2639.652307692308
Mouse inalámbrico,15,21395.56,1426.3706666666667
Teclado mecánico,14,28808.66,2057.7614285714285
