Cliente,Cantidad_Registros,Total_Sum,Total_Mean
Ana Gómez,8,13060.69,1632.58625
Carlos Pérez,15,37222.05,2481.4700000000003
Diana Romero,23,47704.4,2074.104347826087
Jorge Sánchez,12,27467.0,2288.9166666666665
Lucía Torres,15,28261.5,1884.1
Luis Hernández,12,17683.0,1473.5833333333333
María López,8,10001.07,1250.13375
Pedro Díaz,7,16709.58,2387.0828571428574
